cvr_nummer,navn,kommune_navn,antal_ansatte
15754176,Slagelse Erhvervsforening Team Slagelse,SLAGELSE,2
41447281,Grundejerforeningen Hyllerupvej,SLAGELSE,
32331203,NETTOTELT ApS,SLAGELSE,1
26476208,Handelsby.dk                      v/Brian M. Larsen,SLAGELSE,0
34232261,Gravstenen.dk v/Thomas Worm Hansen,SLAGELSE,0
33762186,ANPARTSSELSKABET AF 14. JUNI 2011,SLAGELSE,0
29716870,Dupont Consulting v/Jan Dupont Jensen,SLAGELSE,0
32624170,Slagelse Jazz Klub,SLAGELSE,
42650463,MQ Invest ApS,SLAGELSE,
76011818,GRUNDEJERFORENINGEN MATR NR 29I,SLAGELSE,0
37288993,Clinique Beauty - Negle Klinik,SLAGELSE,
13585687,JØRGEN ULRIK CHRISTENSEN,SLAGELSE,0
38936492,Acobs ApS,SLAGELSE,
20203072,ASKEPOT                           JANE JACOBSEN,SLAGELSE,0
15160632,Lyngholm Radio v/Lars Lyngholm,SLAGELSE,1
30264509,Stillinge IF,SLAGELSE,1
28985487,KINDERTOFTE GL. SKOLE ApS,SLAGELSE,1
33526369,Din mobile frisør v/Louise Berth Larsen,SLAGELSE,0
19257037,ABF ÆBLELUNDEN,SLAGELSE,0
27338283,Klinik for Fysiurgisk Massage v/Hanne Henriksen,SLAGELSE,0
30400739,Slagelse Erhvervsråd,SLAGELSE,2
30028325,Milla-Petit v/Pia Toft Andersen,SLAGELSE,0
75413459,Meka Consult                      v/Karsten Jørgensen,SLAGELSE,0
31097452,Christina Christiansen,SLAGELSE,0
33420153,Vejsgårdtoftens grundejerforening,SLAGELSE,
25957407,Torben Hansen,SLAGELSE,0
39475332,Moffes.com ApS,SLAGELSE,
28250223,Psykolog Birgit Nilsson,SLAGELSE,0
26566932,Clan Rose Pipes & Drums of Denmark,SLAGELSE,
32401066,Jensen IT-service v/Jonas Simon Mandahl Jensen,SLAGELSE,0
34572283,MyTravel v/Kenny Zinn Saron Larsen,SLAGELSE,0
27412890,SAFETY VVS ApS,SLAGELSE,0
27402801,SAFETY HOLDING ApS,SLAGELSE,
21396931,HASSELBALCH EL-SERVICE V/THOMAS HASSELBALCH,SLAGELSE,0
21857378,Phuangthong I/S Import & Salg     v/Somwang P. Jacobsen,SLAGELSE,0
12653905,JUULS RENGØRING                   V/JOHN JUUL HANSEN,SLAGELSE,7
12554079,STILLINGEHALLEN,SLAGELSE,3
27322786,Tømrermester Henrik Hansen,SLAGELSE,
29971021,ANDERSEN NETVÆRK HOLDING ApS,SLAGELSE,
26248612,VEST-INVEST HOLDING ApS,SLAGELSE,1
33287011,Kirke-Stillinge Jagtforening,SLAGELSE,
17138944,BLIK OG BYG V/LARS JACOBSEN,SLAGELSE,1
32132456,Rytmekoret i Slagelse,SLAGELSE,1
21224383,RØSVA RENGØRING                   V/HEIDI LYNGHOLM,SLAGELSE,22
28008724,Slagelse Rengøring v/Tina Sørensen,SLAGELSE,0
30429745,HR Office v/Heidi Kryger Vang Hansen,SLAGELSE,1
35195424,Venstres Ungdom i Slagelse,SLAGELSE,
29750157,L K J/LEON K JOHANSEN,SLAGELSE,0
37703567,Blomsterhuset Skælskør ApS,SLAGELSE,3
15268794,AKTIVITETS-FORENINGEN I SLAGELSE  ØSTBY,SLAGELSE,1
72736052,SLAGELSE HOCKEYKLUB/KASSERER      MARIANNE PRUSSE-NIELSEN,SLAGELSE,
31389259,Designer Outlet v/Louise Tine Birkedal,SLAGELSE,
16766690,SLAGELSE HÅNDVÆRKER- OG INDUSTRIFORENINGS FOND,SLAGELSE,0
26332141,LEAF HOLDING ApS,SLAGELSE,1
25327152,Om Biler                          v/Oguz Konk,SLAGELSE,0
20002999,Slagelse Forenede Håndboldklubber,SLAGELSE,18
35041559,KØRELÆRER/PREBEN JØRGEN STAHL     MORTENSEN,SLAGELSE,0
57960728,AAGE ERSLEV A/S,SLAGELSE,6
26892058,EV BOLIGINVEST ApS,SLAGELSE,1
20222476,VEST TRANSPORT V/JESPER BRUUN PEDERSEN,SLAGELSE,0
39553287,sind i slagelse,SLAGELSE,
25720296,Slagelse Festuge,SLAGELSE,1
28295413,EJENDOMSSELSKABET NORDVEJ 10 ApS,SLAGELSE,1
25307038,Løvens Kiosk Frugt og Grønt v/Amed Fatny El Safty,SLAGELSE,1
10166896,BAHNE SØRENSEN A/S,SLAGELSE,106
28191235,Isabella Shaems Hassna v/Nail Abu Hassna,SLAGELSE,2
20587482,TJØRNEHØJGÅRD V/STEFFEN KVIST RASMUSSEN,SLAGELSE,0
33634765,Fredly/Virkely,SLAGELSE,
34798591,VSG&I Fitness afd.,SLAGELSE,
38304917,LILLE VALBY FORSAMLINGSHUS TOFTEBJERGGÅRD,SLAGELSE,
34679967,Grundejerforeningen Højbjergparken,SLAGELSE,
14131981,GÅRDEJER OVE ANDERSEN,SLAGELSE,0
20064706,Nordlys Massage & Terapi          v/Merete Bonnesen,SLAGELSE,0
31623367,STILLINGE ERHVERVSPARK ApS,SLAGELSE,21
32724515,Vejlauget Mølleager,SLAGELSE,
38112163,Liberal Alliance Slagelse,SLAGELSE,
32799434,Agersø Beboerforening,SLAGELSE,
34007616,Skyproduction v/Theis Wiben Elkjær,SLAGELSE,0
31813352,NIELS-PETER KRISTENSEN,SLAGELSE,0
18103400,Picco-Bello v/Khaled Hussein Charide,SLAGELSE,1
25488032,BRUNO HANSEN HOLDING ApS,SLAGELSE,
25161467,SØREN JUL MADSEN HOLDING ApS,SLAGELSE,2
89786517,MENIGHEDSPLEJEN I SLAGELSE,SLAGELSE,1
36465182,BRIDGE BY DERMATOLOGY IVS,SLAGELSE,1
34416559,KaffeHjørnet v/Mads Moss,SLAGELSE,0
20976802,TRAFIK- OG TRANSPORTCENTER        SJÆLLAND A/S,SLAGELSE,0
28994524,MØLLER & STRANDET INVEST ApS,SLAGELSE,2
37494437,Vikar og Gastronomi IVS,SLAGELSE,0
27369545,BOLIG - X - PERTEN ApS,SLAGELSE,1
31316170,Andersen Translation v/Elena Bang-Andersen,SLAGELSE,0
38042971,BOIHUS,SLAGELSE,
30293436,Ekstrem Byg v/Brian Christophersen,SLAGELSE,0
53489214,ODD FELLOW BYGNINGENS RESTAURANT,SLAGELSE,2
32830439,CESTEK ApS,SLAGELSE,1
38551663,Musicalforeningen Storebælt,SLAGELSE,
30001672,Anders Sværke,SLAGELSE,
36578173,K-BILER,SLAGELSE,0
49892411,"V. HOLM JENSEN RADIO, SLAGELSE A/S",SLAGELSE,10
34482098,2TAL SERVICE ApS,SLAGELSE,14
36540826,FEMALE D'LUXE ApS,SLAGELSE,2
25361563,Computer Problemer V/Torben Ryttersgaard,SLAGELSE,0
27084516,Cafe Mikkel                       v/Jane Vestergaard,SLAGELSE,7
32412890,Ejerforeningen Grønlandsvej 9A og 9B,SLAGELSE,
19122298,CEMERGI V/CARSTEN ENØE MØLLER,SLAGELSE,0
35962727,BB Multi Assistance,SLAGELSE,0
18926997,Ejner Jensens Sønner v/Claus Berger og Anette Jensen,SLAGELSE,1
29854718,Trelleborg Spejderne,SLAGELSE,
25150449,Slagelse Alternative Hud og Hår- Pleje Klinik v/Mette G. Jensen,SLAGELSE,0
33767722,E-TASKER.DK ApS,SLAGELSE,3
32756042,Ejerlejlighedsforeningen Havnegade 5-7,SLAGELSE,
37678325,Slagelse Rotary Klub,SLAGELSE,
52215218,KFUM SPEJDERNE SCT MICHAELS GRUPPE,SLAGELSE,1
82986510,BJARNE SØRENSEN. SLAGELSE ApS,SLAGELSE,22
25445147,Jesper Lerche,SLAGELSE,0
26467985,Søren Christiansen,SLAGELSE,0
40685952,Mother Fit,SLAGELSE,
33630220,Flisa's Flid v/Elisabeth Skov Ursin,SLAGELSE,0
19255573,Multi Import                      v/Johnny Dall,SLAGELSE,1
20544686,KR BYGGESERVICE ApS,SLAGELSE,3
15706996,VICH 3316 ApS,SLAGELSE,0
73895111,SALON GITTE V/GITTE HANSSON,SLAGELSE,0
32516653,Biavlerforeningen i Ny Slagelse,SLAGELSE,
30483502,Senior Erhverv Vest- og Midtsjælland,SLAGELSE,
19027279,MK POLERING                       V/MICHAEL KIRKESKOV HANSEN,SLAGELSE,1
17322494,MICHAEL VEJLGAARD ØRNSKJOLD,SLAGELSE,0
34357692,Skovly,SLAGELSE,
32380379,Ungdomsklubben Stjernen,SLAGELSE,
46920112,SLAGELSE SVØMMEKLUB,SLAGELSE,14
53488528,KELDSTRUP FORSAMLINGSHUS,SLAGELSE,
31105854,Ztrong,SLAGELSE,0
25856902,Shape v/Lene Holst Hansen,SLAGELSE,1
16367583,POUL W NIELSEN & SØN              V/MICHAEL NIELSEN,SLAGELSE,0
86587416,VOGNMAND TOMMY KLINT NIELSEN,SLAGELSE,2
39857871,Tårnborg eSport,SLAGELSE,
34518483,foreningen Tao Centret,SLAGELSE,
34470480,NETOMSORG ApS,SLAGELSE,
31669820,kismer multi energi v/Henrik Kismer Hansen,SLAGELSE,
12534272,CH FRUGT ApS,SLAGELSE,4
25330242,SLAGELSE ENTREPRENØRSERVICE ApS,SLAGELSE,3
25893476,K.S. Auto v/Kenneth Hansen,SLAGELSE,0
35310053,Haveforeningen Fasanvænget,SLAGELSE,
36925655,Optimus Anlæg A/S,SLAGELSE,12
32107079,Diels v/Jørn Dirksen,SLAGELSE,0
80414811,TINGHØJGÅRD                       V/HARLY NIELSEN,SLAGELSE,1
21252174,SLAGELSE-KORSØR PROVSTIUDVALG     V/PROVST OLE CHR. IVERTSEN,SLAGELSE,2
77329013,CENTERSKOMAGEREN                  V/FRANDS CHRISTIANSEN,SLAGELSE,1
33767234,WEB COMPANIES HOLDING ApS,SLAGELSE,
37430021,w.c transport,SLAGELSE,0
32635148,Andelsboligforeningen Lovsø,SLAGELSE,
34397627,Frisør Lotte Heidel,SLAGELSE,0
29917159,KARSTEN THUNBO HOLDING REGISTRERET REVISIONSANPARTSSELSKAB,SLAGELSE,
25508696,Ballegaard Consult v/Niels Ulrich Ballegaard,SLAGELSE,0
25760107,KISTEFLA HOLDING ApS,SLAGELSE,
27285163,SP ITConsult v/Steen Petersen,SLAGELSE,0
26760461,Dissing Consult & Sales           v/Jens E. Dissing,SLAGELSE,0
26351634,Realmæglerne                      Gade Nielsen,SLAGELSE,1
34840989,Socialkonsulent/Mette Schæffer Jørgensen,SLAGELSE,
29983100,Scansolutions v/Morten Andersen,SLAGELSE,0
80493312,Hans Erich Steenberg,SLAGELSE,2
28192959,Vestsjællands Bilsyn v/Niels Holger Rask Larsen,SLAGELSE,7
36184620,GHISALLO ApS,SLAGELSE,
31366623,DOWNTOWN ApS,SLAGELSE,3
32495230,Fonden Andersen Netværk,SLAGELSE,25
30657918,SPAR v/Michella Skovgård Nielsen,SLAGELSE,4
29612706,MJJM A/S,SLAGELSE,
32473148,REGISTRATION DENMARK ApS,SLAGELSE,23
33723881,Vemmelevhallens Cafeteria v/Michelle Kiralyfalvy,SLAGELSE,0
32793886,Ejerforeningen Ndr.Stationsvej 14y,SLAGELSE,
32409342,2. Hellig Anders Gruppe,SLAGELSE,
32812554,Ejerforeningen Slotsgade 4-6,SLAGELSE,
26792452,Dino's automobiler                v/Hüdai Yilmaz,SLAGELSE,1
27394795,BF ANDERSEN HOLDING ApS,SLAGELSE,1
39062038,Jess International ApS,SLAGELSE,
40843876,CO2 Danmark ApS,SLAGELSE,
32375170,Andelsboligforeningen Grevens Træer,SLAGELSE,
35960805,Bildsø Camping og feriekoloni,SLAGELSE,0
32050255,KORSØR KART KLUB V/SVEN LAUTRUP,SLAGELSE,1
17930702,KTX 29/7 1994 ApS,SLAGELSE,4
29396361,SAF-ENERGI A/S,SLAGELSE,1
26863899,SK-NET A/S,SLAGELSE,
34384029,Gerlev Idrætshøjskoles elevforening,SLAGELSE,
33413149,"Ejerforeningen Skovvej 21-23, 4220 Korsør",SLAGELSE,
31964202,Klaus Kvist Rasmussen,SLAGELSE,0
33665725,Korsør Gymnastikforening,SLAGELSE,
36370599,Svalebjerg MC,SLAGELSE,0
31742951,ANDELSSELSKABET LILLE EBBERUP-NÆSBYSKOV VANDVÆRK,SLAGELSE,
28495498,GEORG BERG EJENDOMME ApS,SLAGELSE,
33995385,Korsør Politihundeforening,SLAGELSE,
30164873,Antvorskov Badmintonklub,SLAGELSE,
29235457,KA-Service v/ Kim Andersen,SLAGELSE,0
30291107,"Husstyrelsen for ""Kløverhust"" og "" Huset ved Skoven""",SLAGELSE,1
32963943,Andelsboligforeningen Skytteengen IV,SLAGELSE,
10151511,SEJS HOLDING ApS,SLAGELSE,
30159004,Inyou v/Ninna Lundsgaard Jørgensen,SLAGELSE,
36229977,Ejerforeningen Algade 22,SLAGELSE,
33093098,Hvid & Co v/Charlotte Mejlgård Hvid,SLAGELSE,0
33544987,Skælskør Billard Club af 76,SLAGELSE,
25860519,MALERMESTER P. NIELSEN OG HUSTRUS STIFTELSE FOR VELAGTEDE BORGERE I SLAGELSE BY,SLAGELSE,0
26303788,Fifo Network                      v/Thomas Jensen,SLAGELSE,1
33260164,ROSENKILDE EJENDOMME ApS,SLAGELSE,
17490176,IBSEN HOLDING ApS,SLAGELSE,1
34830851,helleformassage,SLAGELSE,0
29883173,Jobcentrum v/Susanne J Hagelberg,SLAGELSE,0
25685873,In-Golf i/s,SLAGELSE,1
16529532,KEBAB HOUSE                       V/ LATIF IBISOGLU,SLAGELSE,4
33541678,Arnes Auto v/Arne Nordam Jensen,SLAGELSE,0
29625336,CLAUS NIELSEN'S BLIK OG VVS ApS,SLAGELSE,3
27762379,Hair Fashion v/Pia Spottog,SLAGELSE,1
35132147,Byen's tagrens,SLAGELSE,0
30145216,AK-ATLAS (Vægtløftning),SLAGELSE,
26888026,Trelleborg Golfklub Slagelse,SLAGELSE,2
25547977,Henrik Hansen,SLAGELSE,0
18420074,MICHAEL NIELSEN,SLAGELSE,0
20605642,LARS AABERG,SLAGELSE,1
54755015,EJERLEJLIGHEDSFOREN NANSENSGADE,SLAGELSE,1
43601849,Grundejerforeningen  Stjernebakken,SLAGELSE,
35894675,ENERGIINGENIØRERNE ApS,SLAGELSE,1
25464842,TÅRNHØJ HOLDING ApS,SLAGELSE,
72253655,GÅRDEJER SØREN K JENSEN,SLAGELSE,0
67087119,EL-INSTALLATØR KNUD NIELSEN.      SLAGELSE ApS,SLAGELSE,
32573827,Andelsboligforeningen Fønixgården 1,SLAGELSE,
33736371,Kirsten Møldrup Uddannelse og Udvikling,SLAGELSE,0
29681619,WWW. RICHO.DK v/Richo Wisholm Nielsen,SLAGELSE,0
27729479,KISTEFLA EJENDOMSINVESTERING ApS,SLAGELSE,0
16050989,DEN SELVEJENDE INSTITUTION SLAGELSE TENNISCENTER,SLAGELSE,
19760987,T N Fysioterapi                   Thomas Nielsen,SLAGELSE,0
18016370,PSYKOLOGISK KLINIK V/LISBETH LANKEN PETERSEN,SLAGELSE,0
14920196,LÆGERNE FRODE JENSEN OG           TUE FLINDT MØLLER,SLAGELSE,3
25801210,C. H. FRUGT HOLDING ApS,SLAGELSE,
32760686,HF Grønland,SLAGELSE,
33678169,Kunstnerlavet KIT,SLAGELSE,1
27227082,EJENDOMSSELSKABET BOGENSEVEJ 11 ApS,SLAGELSE,
34836574,Fysioterapien v/Kathrine Dybdahl,SLAGELSE,0
35124225,NemRabat,SLAGELSE,0
33811241,Slagelse Fotoklub,SLAGELSE,
32034853,INDRETNINGSARKITEKT               JETTE B JENSEN                    HAMMERSVOLD,SLAGELSE,0
16491209,P L ENGROS V/PETER LYMAN,SLAGELSE,0
35017089,NF Nedrivning,SLAGELSE,0
30339525,Skelskør Roklub,SLAGELSE,
31360528,SLAGELSE AUTOMATUDLEJNING ApS,SLAGELSE,19
25918045,N L H Montage v/Niels Hansen,SLAGELSE,0
72573455,GÅRDEJER A JØRN CHRISTENSEN,SLAGELSE,0
21356697,CHEMEX                            V/ANDRE DAVIDIAN,SLAGELSE,0
14338136,Celal Kilic,SLAGELSE,0
29366349,GTI Transport v/Thomas Peter Hansen,SLAGELSE,0
21385638,METTE MONDRUP,SLAGELSE,0
27662528,pc-TDB I/S                        v/D Cartilli & K Madsen,SLAGELSE,0
39927810,B2B Carservice,SLAGELSE,0
15227400,ANDERS NIELSEN,SLAGELSE,0
25637666,Sams Gulvbelægning v/Nicolai Jelstrup,SLAGELSE,0
27431178,Salon Meduza                      v/Annia M.H. Brogaard,SLAGELSE,0
33149573,MY-RENGØRING ApS,SLAGELSE,4
19351084,REKORD RENS V/BIRTHE LARSEN,SLAGELSE,2
11838332,TANDLÆGE HANS JACOBSEN. SLAGELSE  ApS,SLAGELSE,4
30747763,Lægerne P H Kahlke & S Kabwa I/S v/Peter Henrik Kahlke og Sonia Kabwa,SLAGELSE,3
32200214,ARKITEKTFIRMA A/S TAGE CORFITSEN,SLAGELSE,5
37868922,M. G . Malerenterprise ivs,SLAGELSE,
29215863,NYBOLIG JAN MILVERTZ A/S UNDER STIFTELSE,SLAGELSE,69
14046976,WESTRUP ELECTRONIC ApS,SLAGELSE,0
34548404,Børnefugleskydningsselskabet af 1847,SLAGELSE,
27152589,KNA EJENDOMME ApS,SLAGELSE,1
33772912,DANSK RENGØRING & SERVICESELSKAB ApS,SLAGELSE,5
28327897,KRÆMMERHUS ApS,SLAGELSE,6
36424192,DE ALMENT PRAKTISERENDE LÆGER HJORTH & GRARUP ApS,SLAGELSE,5
82983317,SLAGELSE MC-CENTER ApS,SLAGELSE,4
17560719,HEJNINGE MENIGHEDSRÅD             V/CHRISTENSEN,SLAGELSE,3
31488001,SITE PROJECT ApS,SLAGELSE,1
33422121,"Gundejerforeningen Højen, Slots Bjergby",SLAGELSE,
32844154,Andelsboligforeningen Ingemann,SLAGELSE,
25366107,Klaus Juul Polering               V/Klaus Juul Elboth,SLAGELSE,0
40148744,Grundejerforeningen Kongstedparken,SLAGELSE,
34384274,Marinegarden Venner,SLAGELSE,
39373505,TL Byg og Entreprise ApS,SLAGELSE,2
31974062,Storebæltskoret Korsør,SLAGELSE,
32795501,Anholm Multiservice v/Jesper Anholm Kristensen,SLAGELSE,0
55889015,KØBMAND J.Ø. ANDRESENS LEGAT FOR NAKSKOV OG SLAGELSE,SLAGELSE,0
37417491,Michael Kirkegaard Holding ApS,SLAGELSE,
20100397,TØMRERMESTER ERLING SØRENSEN A/S,SLAGELSE,6
37393622,Venneforeningen for Guldagergaard,SLAGELSE,
35928790,Manana Manana,SLAGELSE,0
21275573,TÅRNBORGSALONEN                   V/JETTE GALDYN,SLAGELSE,0
33282079,flakkebjerg landsbyråd,SLAGELSE,
27240771,M.L.A. HOLDING ApS,SLAGELSE,
36549130,FINANCE 4U ApS,SLAGELSE,1
25862597,TONY HELDAL HOLDING ApS,SLAGELSE,
32595847,Havrebjerg Sogneforening,SLAGELSE,
27102565,Stenstuegade 9 I/S,SLAGELSE,0
39904519,BBMCDK Klubhus Øst,SLAGELSE,
16674087,SLAGELSE BRANDMANDSFORENING,SLAGELSE,
36081538,360ON365 HOLDING ApS,SLAGELSE,
32013813,Klima Solutions v/Christian Pedersen,SLAGELSE,0
35787445,Entec,SLAGELSE,0
36077158,KOLDSØ AUTOTEKNIK ApS,SLAGELSE,5
36086785,BILLIT ApS,SLAGELSE,
33530528,Slagelse Floorball,SLAGELSE,
33427107,A/B Gadekæret,SLAGELSE,
26652650,Kirkelygaard                      v/Winnie Søndergaard Nielsen,HASHØJ,0
40170340,ChokoLotte,SLAGELSE,
72396553,GÅRDEJER JØRGEN FRANDSEN,SLAGELSE,0
26123690,NYBOLIG SLAGELSE A/S,SLAGELSE,7
25615816,Advokatfirmaet Søren Dybdahl Andersen,SLAGELSE,1
34471061,BONUSHUSET.DK ApS,SLAGELSE,
33023561,Dansk Røde Kors - Skælskør Afdeling,SLAGELSE,
30253329,PBU Korsør,SLAGELSE,
31789680,Vemmelev Fodboldklub,SLAGELSE,
32758444,Andelsboligforeningen Baghuset,SLAGELSE,
12389515,Sønderup Menighedsråd,SLAGELSE,5
27478522,BRIMA HOLDING ApS,SLAGELSE,
32799884,Slagelse In-Line Klub,SLAGELSE,1
37506443,Pedersens,SLAGELSE,0
20901942,LYNGE CONSULT                     V/NIELS LYNGE,SLAGELSE,0
38709739,Eyes For You,SLAGELSE,0
33799683,Picnickoncerter i Slagelse Lystanlæg,SLAGELSE,
35582487,LC 87 Slagelse,SLAGELSE,
28969511,R.K. EJENDOMME HOLDING ApS,SLAGELSE,
21247979,F. SCHUBERT'S CAFETERIA           V/FLEMMING SCHUBERT,SLAGELSE,0
32813550,Andelsboligforeningen Mosevænget,SLAGELSE,
35816615,GDR HELGE CHRISTIANSEN,SLAGELSE,0
53488412,HAVREBJERG FORSAMLINGSHUS,SLAGELSE,
26957176,Tommy Nielsen,SLAGELSE,0
19381544,Andersen Media                    v/Ole Andersen,SLAGELSE,0
29530440,ALMEGAARD SLAGELSE HOLDING ApS,SLAGELSE,1
30009797,HN Fodspecialist v/Helle Nielsen,SLAGELSE,0
31804876,Royal Tan Solcenter v/Conni Birgit Larsen,SLAGELSE,0
36556838,PRANAWELLNESS ApS,SLAGELSE,0
19957594,MURERFIRMAET ARNDT ANDERSENS EFTF.V/ JOHNNY JENSEN ApS,SLAGELSE,5
13912998,A/S PSE 38 NR. 1014,SLAGELSE,29
31707900,Lundberg Accessories v/Maja Lundberg Rasmussen,SLAGELSE,3
83199415,SLAGELSETRYK A/S,SLAGELSE,12
24241785,HENRIK HJORT HARBOE HOLDING ApS,SLAGELSE,7
10367794,SLAGELSE MALERLAUG,SLAGELSE,0
33601212,TAS Service v/Tatjana Shejki,SLAGELSE,0
38612212,Growth Marketer,SLAGELSE,0
40223355,D.S Event v/ Daniel Sørensen,SLAGELSE,
35499873,Bridge By Words,SLAGELSE,0
36720689,Holding 1704 ApS,SLAGELSE,
27736033,SK-VAND A/S,SLAGELSE,
29336660,Salon Bonita v/Marianne Laugesen,SLAGELSE,0
33678282,Danmarks Socialdemokratiske Ungdom Slagelse,SLAGELSE,
39187337,Maler Christensen ApS,SLAGELSE,3
38844350,MG Rådgivende Ingeniør IVS,SLAGELSE,1
32135773,Skælskørfotograferne,SLAGELSE,
27772021,FLOWLOG ApS,SLAGELSE,
25307240,K.K.Consult                       V/Kristian K. Henriksen,SLAGELSE,
26209447,Cafe WhatEver v/Martin R Nielsen,SLAGELSE,0
16093300,STOREBÆLTS AFSYRING OG FLYTTE-    FORRETNING V/ JIMMY NIELSEN,SLAGELSE,0
72857356,REG REVISOR ESBEN SØRENSEN,SLAGELSE,1
53489311,OTTESTRUP FORSAMLINGSHUS,SLAGELSE,
32006566,Søren Egeskov,SLAGELSE,1
38422545,AM Bogføring,SLAGELSE,0
27000509,Slagelse Cykel Bud                v/Jan Pedersen,SLAGELSE,0
28610491,Carstenpro v/ Carsten Pedersen,SLAGELSE,0
21888583,J.P.Hjemmeservice                 v/J Pedersen & J Pedersen,SLAGELSE,0
34840873,Kano v/Kasper Nordkvist,SLAGELSE,0
38254731,Sooperlooper,SLAGELSE,0
39359898,Frost I/S,SLAGELSE,
28360304,Holberg Byg v/Anders Holberg Petersen,SLAGELSE,0
36566760,Sealand Security / SLS Vagt,SLAGELSE,0
17785648,K J MASKINSERVICE V/KELD JESPERSEN,SLAGELSE,1
37693626,Gold4life IVS,SLAGELSE,
33344961,Andelsboligforeningen Mølleager ll,SLAGELSE,
34593868,DRSS HOLDING ApS,SLAGELSE,
32750761,"Sct. Georgs Gilde, 1. Skælskør",SLAGELSE,
31843707,Veteran Motorcyklens Venner,SLAGELSE,
20686413,GUDUM MENIGHEDSRÅD                V/EJVIND HANSEN,SLAGELSE,3
29916896,KRISTINELUND HOLDING REGISTRERET REVISIONSANPARTSSELSKAB,SLAGELSE,0
36367075,Kobæk Nørrestrand Grundejerforening,SLAGELSE,
30412583,A/B Svalen,SLAGELSE,
33620705,Hyllested Landsbyråd,SLAGELSE,
38881515,Korsør Bykontor,SLAGELSE,0
31351561,SortSjov v/Nicolai Sørensen,SLAGELSE,0
28963491,V 2014,SLAGELSE,
35625216,Grundejerforeningen matr. 1 dn Antvorskov Hovedgård Slagelse,SLAGELSE,
30920074,HØNG X ApS,SLAGELSE,0
32923399,Grundejerforeningen Randersvej,SLAGELSE,
32755305,Andelsboligforeningen Mølleparken,SLAGELSE,
53488617,KIRKE STILLINGE FORSAMLINGSHUS,SLAGELSE,
38188925,Rasmus Kjær Rasmussen Holding ApS,SLAGELSE,
33296029,Grundejerforeningen Konge-åsen,SLAGELSE,
28511736,Vinklubbens Venner,SLAGELSE,
73007712,HK-KOMM KLUB                      V/EGON ANDERSEN                   RÅDHUSET,SLAGELSE,0
31794994,Solskinstroppen,SLAGELSE,
35177582,Maglehavens Nyttehaver,SLAGELSE,
35266151,SF Slagelse,SLAGELSE,
39024543,Eiland Elinstallation Slagelse ApS,SLAGELSE,
17017381,ART'N'DRAW                        V/PIA CLAUSEN,SLAGELSE,0
20045086,ApS KBUS 8 NR. 4582,SLAGELSE,
21181706,PANI INVEST ApS,SLAGELSE,
31586674,TERKELSBJERG ApS,SLAGELSE,
38206206,BD CAPITAL IVS,SLAGELSE,
38206494,Deshasta Consulting IVS,SLAGELSE,
30018168,Gårdejer Henrik Valentin Jensen,SLAGELSE,0
34547483,De ældres klub,SLAGELSE,
33672780,Slagelse Kulturråd,SLAGELSE,
34686025,Nordisk islam & kultur forening,SLAGELSE,
27871909,Bøgebjerg v/Rikke Bøgebjerg Jensen,SLAGELSE,0
31966590,Go Grafix v/Kim Christensen,SLAGELSE,0
25180771,Marktrans                         V/Mark Hulstrøm,SLAGELSE,0
34926646,phcmontage,SLAGELSE,0
35553061,Vestsjællands Akvarie- og Terrarieklub,SLAGELSE,
26602521,Columbus Rejser                   v/Qussama El-Jaji,SLAGELSE,0
28920881,Timmerman Consult v/Søren Timmermand,SLAGELSE,
25502221,Ejendommen Tjørne Alle 12 v/Thomas Schultz,SLAGELSE,0
27842119,Danish Electronic Importer v/ Mike Kilbæk,SLAGELSE,0
29770883,DISSING & JALLER ApS,SLAGELSE,3
40514406,DJ JustJonas,SLAGELSE,
35946152,Hvidevare Konsulenten,SLAGELSE,0
37572578,Byens Blikkenslager v/Martin Philipsen,SLAGELSE,0
17643932,COMPUTERCAFEEN SLAGELSE           V/HENRIK OLSEN,SLAGELSE,2
29286760,Jeanette Anastasia Rasmussen,SLAGELSE,0
18614448,PSYKOLOGHUSET                     V/PIA CHRISTIANSEN,SLAGELSE,0
30164067,Klinik for fodterapi/Trine Nielsen,SLAGELSE,0
33850492,Frisør Mono Joan v/Joan Juul Christensen,SLAGELSE,0
33537441,Skørpinge Landsbylaug,SLAGELSE,
37960039,Liljecafeen,SLAGELSE,2
28016247,Slagelse Bog & Ide v/Jannik Stagaard,SLAGELSE,8
35978003,Slagelse figur og hobby forening,SLAGELSE,
28717490,FTI - IMEX ApS,SLAGELSE,
25797981,SLAGELSE KOMMUNES NETSELSKAB A/S,SLAGELSE,16
36496533,JOINT EFFORTS HOLDING ApS,SLAGELSE,
31983258,Fadi Mohamad Ahmad,SLAGELSE,0
34627193,MY-INVEST ApS UNDER STIFTELSE,SLAGELSE,
26351596,Ejerforeningen Schweizerplads 5,SLAGELSE,0
20653272,H. JUL. FJERRING HOLDING A/S,SLAGELSE,
37326143,Slagelse Sport & Ungdom (SSU),SLAGELSE,
16523836,MUSKETEREN ANTVORSKOV KASERNE,SLAGELSE,1
25313534,Bp Byg V/Benni Pedersen,SLAGELSE,0
27370551,Dorthe Harder Petersen,SLAGELSE,0
32803822,Andelsboligforeningen Plantagen,SLAGELSE,
31553334,Syd-Vestsjællands Jagtforening,SLAGELSE,
32756190,Foreningen af lejlighedsejere Chr. Gave 2A-2D,SLAGELSE,
39367777,Rolighed Andersen Holding ApS,SLAGELSE,
35150897,"Ejerforeningen Slotsgade 8, 4200 Slagelse",SLAGELSE,
33006292,Ejerforeningen Rytterstaldstræde 3,SLAGELSE,
34977348,Ejerlauget Søndervang Beboerforening,SLAGELSE,
35966099,Spred dine vinger,SLAGELSE,0
36263881,Grundejerforeningen matr.nr. 5 n 5 h Landsgrav,SLAGELSE,
33330472,Grundejerforeningen Christiansgave,SLAGELSE,
32055044,Rosted beboerforening,SLAGELSE,
10247896,LÆGE OLE WINKEL,SLAGELSE,4
29142173,TØMRERMESTER HENRIK HJORT HARBOE HOLDING ApS,SLAGELSE,
35625712,RHM-BYG,SLAGELSE,0
30216008,Slagelse Basketball Klub,SLAGELSE,
34910456,Exmilvagt,SLAGELSE,0
34737088,KMS RENGØRING ApS,SLAGELSE,0
18364107,Gp Korrektur                      v/Gitte Buhr,SLAGELSE,0
34658064,Støtteforening for Tårnborg-Vemmelevs sportssvømmere,SLAGELSE,
11442412,ANDELSSELSKABET                   KELSTRUP-NÆSBY STRAND             VANDFORSYNING,SLAGELSE,2
27214231,Slagelse Ortho-Teknik I/S,SLAGELSE,0
34555672,Slagelse Efterløn's og Pensionistforening,SLAGELSE,
16359394,KIRSTEN KRISTENSEN,SLAGELSE,0
14900705,J K TRADING                       V/JETTE KRISTENSEN,SLAGELSE,1
29122431,Afro Exotic Butik v/Omowunmi Folasade Johansen,SLAGELSE,0
14206485,Eva Lund Petersen,SLAGELSE,0
21134309,SHELL SERVICE                     V/JESPER JUST,SLAGELSE,11
17425196,BRITTA JENSEN,SLAGELSE,2
27336175,Klinik for fysioterapi            v/Hanne Lee,SLAGELSE,2
20466073,CASINOTORVETS PØLSEVOGN           V/REMZI HEMISOGLU,SLAGELSE,1
25267311,Pamfilius                         V/Malene Birkedal,SLAGELSE,0
26125626,Chokolade Symfonien v/Rima Turke,SLAGELSE,0
29850011,MediaNet International Inc,SLAGELSE,2
32072550,MURERMESTER                       LASSE BJERGØ,SLAGELSE,1
26972140,Salon Meduza v/Lise F Petersen,SLAGELSE,0
15353406,VOGNMAND PER HENNING JENSEN,SLAGELSE,0
17971832,HENRIK HELGE,SLAGELSE,0
89950228,ANDELSSELSKABET MØLLEVEJ 3,SLAGELSE,
27424783,BJAS ApS,SLAGELSE,
27442501,Horn & Boving Trading House       v/Lisbeth Giede Bøving,SLAGELSE,0
35374507,Xenzora Humane,SLAGELSE,
32403220,Scandinavian Designhouse Webshop v/Chris Michael Münkel,SLAGELSE,0
11971113,SALON HERDIS                      V/H RASMUSSEN,SLAGELSE,0
35850880,BANG SERVICE GROUP ApS,SLAGELSE,4
35946756,Moster Signe,SLAGELSE,0
35059849,Multi service,SLAGELSE,0
39032481,NB dressage,SLAGELSE,0
38654845,Smaekmoess,SLAGELSE,
38582577,J&O Design,SLAGELSE,
26826764,JM DEVELOPMENT A/S,SLAGELSE,6
37279722,SaronCollection,SLAGELSE,
31933005,MAGIC MICRO SYSTEMS A/S,SLAGELSE,
38260855,RN Holding Korsør ApS,SLAGELSE,
27109802,JOHANSEN INVEST & CONSULTING ApS,SLAGELSE,1
29388059,LINDBOLIG A/S,SLAGELSE,
39912627,Slagelse Engineering v/ Casper Berg,SLAGELSE,0
33173199,Lokalrådet for Hejninge og Stillinge Sogne,SLAGELSE,5
38242407,BUGHI IVS,SLAGELSE,0
28665512,PN GROUP ApS,SLAGELSE,1
28720173,PER WORM ISOLERING ApS,SLAGELSE,3
28851529,AKTIVT VELVÆRE A/S,SLAGELSE,28
29134308,HK AUTOMOBILER SLAGELSE ApS,SLAGELSE,2
29720231,Kom-Ann Den rullende hudpleje v/Ann Bech Andersen,SLAGELSE,0
34424462,Rude Vandværk A.M.B.A,SLAGELSE,2
40686266,Rengørings fotograffen,SLAGELSE,
32966454,Ejerforeningen Herrestræde 9-11,SLAGELSE,
31910161,Korsør Miniby,SLAGELSE,
72836758,TAGE BECK,SLAGELSE,0
34550514,Grunejerforeningen 18d Næsby Strand,SLAGELSE,
37526355,Familien Thyregod,SLAGELSE,0
26690269,FrisørAtelieret v/Belinda Sponholtz,SLAGELSE,3
11449816,SLAGELSE GYMNASTIKFORENING,SLAGELSE,4
41542799,SEETV ApS,SLAGELSE,
36103639,Kruse IT,SLAGELSE,
40255745,Sine L - Tattoo,SLAGELSE,
43520814,bil-linjen,SLAGELSE,
38943820,SCWeb,SLAGELSE,0
26880114,BENNI PEDERSEN HOLDING ApS UNDER  STIFTELSE,SLAGELSE,
39849739,Demirel ApS,SLAGELSE,2
30237072,"KRC HOLDING, SLAGELSE ApS",SLAGELSE,
37810746,EV Ejendomsservice ApS,SLAGELSE,12
15715049,ANTVORSKOV KIRKEKASSE,SLAGELSE,8
33505647,LKR EJENDOMME ApS,SLAGELSE,
25715160,"TANDPROTETIKEREN, SLAGELSE ApS",SLAGELSE,2
27471714,CAFE VIVALDI HOLDING ApS,SLAGELSE,
32870147,Sommerstedt & Co v/Christina Sommerstedt,SLAGELSE,0
35022678,Struktør Funch v/Mads Funch Nielsen,SLAGELSE,0
33864124,LANDCENTRALEN ApS,SLAGELSE,1
38936077,TLG Consulting ApS,SLAGELSE,0
32811396,Bådeforeningen Magleø,SLAGELSE,
30031156,Bygge & Baneservice v/Johnny Henrik Olsen,SLAGELSE,0
33336144,KCN Montage v/Kenni Christian Nielsen,SLAGELSE,0
71330613,ANDELSBOLIGFORENINGEN SMEDEGADE 73,SLAGELSE,
94729653,EJERLEJLIGHEDSFORENINGEN NYGADE 5,SLAGELSE,0
32746209,Sct. GeorgsGildernes hus Korsør,SLAGELSE,
32800254,Hashøj-gruppen,SLAGELSE,
40485147,Grundejerforeningen Rosenhaven,SLAGELSE,
32801692,Andelsboligforeningen Birkeparken,SLAGELSE,
30675916,Landsbyrådet for Ørslev og omegn,SLAGELSE,
21089192,NORDISK NUMISMATISK UNIONS FOND V/HENNING I LARSEN,SLAGELSE,
35962247,KT Montage I/S,SLAGELSE,0
21914878,ABDULLA DAWOODI V/ABED DAWOODI,SLAGELSE,0
31349702,Revisorfirmaet Gjermandsen I/S,SLAGELSE,0
38064665,Kontorfællesskabet - Slagelse ApS,SLAGELSE,
10203848,KIRKE-STILLINGE EL-FORRETNING A/S,SLAGELSE,8
33149905,DALLAS HOLDING ApS,SLAGELSE,
40029729,Havnens Genbrug,SLAGELSE,
33374747,RASMUS HANSEN HOLDING ApS,SLAGELSE,
31849233,PARTYEKSPERTEN ApS,SLAGELSE,0
26970725,Frisørsalon Coco De Mer           v/Mary Christiansen,SLAGELSE,0
19256995,EJERLAUGET VALDEMARSGADE-KAREERNE,SLAGELSE,0
33211384,Bisserup Digelag,SLAGELSE,
32001823,Kfum Spejderne Stillinge Gruppe,SLAGELSE,
18063182,ERIK RUHOFF JENSEN,SLAGELSE,0
30940601,Frisør - Christina Gandrup,SLAGELSE,0
20509376,B I M                             V/JESPER BANG JØRGENSEN,SLAGELSE,4
32151353,SMCP ApS,SLAGELSE,1
30947886,Mødrehjælpens Lokalforening Slagelse,SLAGELSE,
21934879,JOHNNI ERIK HANSEN,SLAGELSE,0
15029870,MARINEFORENINGENS SLAGELSEAFDELING V/HENRIK FABER,SLAGELSE,
14167730,Ejendommen Østerbrohus            v/Svend Helge Jensen,SLAGELSE,1
32627048,Sørbymagle Idræts forening,SLAGELSE,
26953049,Vindueskonpagniet                 v/Lars Sørensen,SLAGELSE,0
29268010,HARREBOE v/Jens Harreboe,SLAGELSE,0
28358105,Sunesen trading v/ Kasper Sunesen,SLAGELSE,3
24993930,Jette Jensen,SLAGELSE,0
75941919,FREDDY ANDERSEN,SLAGELSE,0
25784324,Revisor Herman Frederiksen,SLAGELSE,1
27259871,L.M. Textil                       v/Lis Madsen,SLAGELSE,0
27888143,Tiedemann Måneskinsenterprise v/ Stig Christian Tiedemann,SLAGELSE,1
25681363,Webdesign Danmark v/Kasper Hvid Carlsen,SLAGELSE,0
63264628,Carsten Michael Larsen,SLAGELSE,21
21934895,LOLA'S SYSTUE                     V/BLANCHE SØRENSEN,SLAGELSE,0
29863687,V-COM v/Tomas Vilholm,SLAGELSE,0
34504776,H/F Etterbjerg,SLAGELSE,
25796764,Dagbehandlingstilbuddet Lille Valbygård,SLAGELSE,12
35010262,Slagtershoppen,SLAGELSE,
36437448,FRIIS BLIND ApS,SLAGELSE,
36146656,Guldsmedene I/S,SLAGELSE,3
19115208,CITY KUNST OG ANTIK               V/ANNE MARIE HANSEN,SLAGELSE,0
27614701,HL BYGGEENTREPRISE ApS,SLAGELSE,0
26648521,J.C. Carlsen's VVS                v/Jimmi Carlsen,SLAGELSE,0
36314249,Majora,SLAGELSE,0
21726141,ApS KBUS 38 NR. 3613,SLAGELSE,5
25315758,RK MONTAGE HOLDING ApS,SLAGELSE,1
30418891,Danlinc Multiservice v/Johnny Iversen,SLAGELSE,0
28254369,MiaRosa v/Karina Kamilla Voigt,SLAGELSE,0
27621627,Tømrermester Brian Thomsen,SLAGELSE,0
77420428,MALERMESTER E. MUNCH PEDERSEN.    KIRKE STILLINGE ApS,SLAGELSE,8
37580562,"Vejlauget for Stenten, Hækken & Gærdet på Næsbystrand",SLAGELSE,
26194547,S.C. Nielsen Handel og Rep        v/Sonny Nielsen,SLAGELSE,0
34595194,JH 1 HOLDING ApS,SLAGELSE,16
10128951,BEJS BYG A/S,SLAGELSE,1
35056912,STOREBÆLT TAGRENS ApS,SLAGELSE,1
36668024,LA Pressefoto,SLAGELSE,0
28593821,Speciallæge Lars Bendtsen,SLAGELSE,0
27715923,Ferdinands Bøfhus v/Martin Castillo,SLAGELSE,
28147872,TVJ HOLDING ApS,SLAGELSE,
41314869,Dissing Workwear ApS,SLAGELSE,
37553247,T.I.F. Aktivitetsudvalg,SLAGELSE,
29770522,FILTERSUPPORT ApS,SLAGELSE,1
34255725,Slagelse Ortho-Teknik v/Helle Birch,SLAGELSE,2
33726864,museumsforeningen for skovsgaard mølle og bageri museum,SLAGELSE,
31187192,GRØNSUNDSVEJ 49 A NYKØBING ApS,SLAGELSE,
28626924,Ejendommen Sorø Landevej v/Frank Olsen,SLAGELSE,0
86611813,E/F FRUERGAARDEN,SLAGELSE,1
32508367,Masu v/Tenna Hougaard Baltzer,SLAGELSE,0
40874232,RJ BYG,SLAGELSE,
34135533,Det Radikale Venstra - Slagelse kredsen,SLAGELSE,
12784899,SVEND AAGE NIELSEN. AUTORISERET EL-INSTALLATØR A/S,SLAGELSE,31
29185360,P.B. EJENDOMSINVEST ApS,SLAGELSE,
30282205,JMI INVESTERING A/S,SLAGELSE,
21094145,"HUDKLINIKKEN V/SPECIALLÆGE, DR.MED. STEFFEN MUNKVAD",SLAGELSE,4
31541239,Hovborg Murerfirma,SLAGELSE,0
13101183,DEN ANDENSIDSTE VIKING/ THE FREEBSD PROJEKT V/POUL-HENNING KAMP,SLAGELSE,0
17930486,SLAGELSE EL-SERVICE STEEN NIELSEN,SLAGELSE,0
38550306,HSJ Sand og Sodablæsning,SLAGELSE,0
33321309,Lokalrådet for Vemmelv og Omegn,SLAGELSE,
30296958,Sportsfiskerforeningen for Slagelse og Omegn,SLAGELSE,
33816030,Gimlinge Landsbyråd,SLAGELSE,
33565259,Broderloge nr. 60 Hammeren,SLAGELSE,
21474207,ANDELSBOLIGFORENINGEN NDR. RINGGADE 26-30,SLAGELSE,
34429944,TeaterGruppen CasaBlanca,SLAGELSE,
39499304,Cobot Lift Holding IVS,SLAGELSE,
32612423,Landsforeningen af 10. Klasseskoler i Danmark,SLAGELSE,
28158882,S.A.M.K. HOLDING ApS,SLAGELSE,
30229339,Slagelse Bowling Club,SLAGELSE,
36293268,Hansens herreklip,SLAGELSE,0
40742743,Skift Fokus ApS,SLAGELSE,
30457803,Livsnyder v/Karen Loy Tengberg,SLAGELSE,
31821479,Andelsboligforeningen Gartnerhaven I,SLAGELSE,
34781141,ejerforeningen sdr stationsvej 14 4200,SLAGELSE,
32488706,A/B Hesselhaven,SLAGELSE,
33742541,Johns Autoservice v/John Flemming Christensen,SLAGELSE,0
31969840,FS Hashøj,SLAGELSE,
37812641,"Grundejerforeningen ""Købmandsgården""",SLAGELSE,
33622104,Beboerrepræsentationen Kastanievej 10A og 10B,SLAGELSE,
33187823,Bisserup Byting,SLAGELSE,
29726655,Udviklingskonsulenterne v/Irene Rasmussen,SLAGELSE,0
19959775,LIEN FINANS ApS,SLAGELSE,
28865422,PULCINELLA ApS,SLAGELSE,8
31152186,SALLI HOLDING ApS,SLAGELSE,
32087299,KINGS AND QUEENS ApS,SLAGELSE,51
32577199,Den Vietnamesiske Evangeliske Menighed,SLAGELSE,1
36589736,S/I Agersø Naturcenter,SLAGELSE,1
39653095,Venslev Autoelektro ApS,SLAGELSE,1
39510693,Cobot Lift ApS,SLAGELSE,3
40832270,Tina L,SLAGELSE,
34673357,Grundejerforeningen Niels Jensens vej,SLAGELSE,
61082514,GDR JØRGEN JENSEN,SLAGELSE,0
33630328,Frisør Beauty Care v/Karina Egelund Rasmussen,SLAGELSE,0
32362737,EV BOLIG II ApS,SLAGELSE,
38438174,PMT Invest ApS,SLAGELSE,
35409165,RIGTIG HUNDEMAD ApS,SLAGELSE,1
29373175,Marianne´s Hairstudio v/Marianne Lund Andersen,SLAGELSE,0
20657642,J P RENGØRING,SLAGELSE,0
32758495,Andelsboligforeningen Rødhøj II,SLAGELSE,
30099427,U. S. Transport v/Udo John Stahnke,SLAGELSE,0
35492712,Slagelse Hockeyklubs Støtteforening,SLAGELSE,
26590256,Johnny Jensen,SLAGELSE,
37248509,"Grundejerforeningen Bakkehøj 1, Vemmelev",SLAGELSE,
10515432,DYRENES ELDORADO V/TAGE MØLLER PETERSEN,SLAGELSE,0
30231716,Venstres Kommuneforening i Slagelse Kommune,SLAGELSE,
31302358,Dansk Print v/Henning Topholm,SLAGELSE,0
12467907,SLAGELSE TAXA VOGNBESTILLINGS-    KONTOR,SLAGELSE,8
35066187,SomDevelopment,SLAGELSE,0
26841534,PH X-Press                        v/Poul Hansen,SLAGELSE,0
31194237,Jess´ Malerfirma v/Jess Peter Kvistgård Christensen,SLAGELSE,0
25432622,BANG & RÜSLER ApS,SLAGELSE,
20299894,MØLLER & MADSEN REGISTRERET       REVISIONSAKTIESELSKAB,SLAGELSE,8
14094172,STOREBÆLT MOTOR SERVICE A/S,SLAGELSE,1
29050430,Skovgaard Vine I/S,SLAGELSE,0
34103488,Fond for erhvervssponsorater til kultur- sport og Fritidslivet i Slagelse kommune,SLAGELSE,
31758564,SECNORDIC INTERNATIONAL ApS,SLAGELSE,
30422740,Heldal Design v/Jens Heldal,SLAGELSE,0
35282386,YourSolution I/S,SLAGELSE,0
21501506,ELEKTROBIKSEN                     V/ZOUHEIR A SALLALLAH,SLAGELSE,0
32796664,S.A.F.C. Støtteforening,SLAGELSE,
33493703,ART2B HOLDING ApS,SLAGELSE,2
10873436,'K. JØRGENSEN & SØN ApS',SLAGELSE,6
34473234,LBJ TØMRERFORRETNING ApS,SLAGELSE,1
18855577,Anders Jensen,SLAGELSE,
31540194,"Dansk Røde Kors, Slagelse afdeling",SLAGELSE,
18735032,FFP-KOMMUNIKATION V/FRANK PEDERSEN,SLAGELSE,0
26218799,Ejerlejlighedsforeningen Schweizerpladsen 1 B,SLAGELSE,0
31155908,RH PUMPER ApS,SLAGELSE,1
40665455,Tnk Multiservice v/ Tobias Noe Karlsen,SLAGELSE,
27457797,SEJS DYNER ApS,SLAGELSE,2
26448719,SLAGELSE HANDELSSTANDSFORENING STIFTELSEN TORVEGADE 28 - 30,SLAGELSE,1
26820316,SLAGELSE TENNISKLUB,SLAGELSE,5
26360978,REKLAMECENTRET TAGE SØRENSEN ApS,SLAGELSE,3
40068686,MDSJ ApS,SLAGELSE,
33759940,H.L. HOLDING SLAGELSE ApS,SLAGELSE,
37924407,Vestsjællands Distrikts Gilde,SLAGELSE,
32176135,By IO Lene Clausen,SLAGELSE,
40476431,Nordhallens Venner,SLAGELSE,
38534203,Fima Trading ApS,SLAGELSE,1
38567381,Stendal & Kruse VVS ApS,SLAGELSE,3
32791573,KFUM Spejdernes Forældreforening,SLAGELSE,
30438299,Grundejerforeningen Kildehaven,SLAGELSE,
33948409,T. EILERSEN HOLDING ApS,SLAGELSE,
34318824,FEM MULTI,SLAGELSE,0
32615465,"Andelsboligforeningen Mølleager I, Skælskør",SLAGELSE,
35903550,Fuld af Dyr I/S,SLAGELSE,0
15000147,VICH 2776 ApS,SLAGELSE,
53490018,OLGA THORGILS LEGAT,SLAGELSE,
31055245,JENSEN OG JØRGENSEN ApS,SLAGELSE,
30288033,A/B Holstebroparken,SLAGELSE,
17814389,XKT 26/5 1994 ApS,SLAGELSE,4
38917943,Ejrup og Lind ApS,SLAGELSE,1
32717144,De Grønne Pigespejdere,SLAGELSE,
32757928,"Haveforeningen ""Storebælt""",SLAGELSE,
34473188,LBJ HOLDING SKÆLSKØR ApS,SLAGELSE,
35948473,Frisør Madame Blå,SLAGELSE,0
39621770,Mathias Paaske Holding IVS,SLAGELSE,
30269829,Nordbyens Badminton Klub,SLAGELSE,
33695225,Børns Voksenvenner Slagelse og omegn,SLAGELSE,
50144410,Fdf-Slagelse Kreds 2,SLAGELSE,1
24988821,Zoneterapeut                      V/Ditte Loft,SLAGELSE,0
17532235,DAN NIELSEN,SLAGELSE,1
34923396,Coffee Experience,SLAGELSE,0
19982947,COBRA KABLER                      V/ØJVIND ALSTRUP,SLAGELSE,0
70876914,O P FONDEN,SLAGELSE,
26326877,Harry Sørensen,SLAGELSE,1
27958648,KIRSTEN RYNORD HOLDING ApS,SLAGELSE,
16315370,Dm v/Dennis Malle,SLAGELSE,2
24217922,SLAGELSES BEGRAVELSESFORRETNING   ApS,SLAGELSE,5
37633631,Malermester Camilla Brossmann,SLAGELSE,0
29778647,SKOVGAARD VINE ApS,SLAGELSE,5
29244731,KNUD NIELSEN ApS UNDER STIFTELSE,SLAGELSE,2
29806748,VESTSJÆLLANDSKE EJENDOMME ApS,SLAGELSE,1
28045573,J.V. Jensen v/John V. Jensen,SLAGELSE,0
36020938,TRANSLATØR BETTINA PEDERSEN ApS,SLAGELSE,0
26527783,Clinic Skin Magic                 v/Bettina K. Nielsen,SLAGELSE,0
34667470,Skælskør Sportsfiskerforening,SLAGELSE,
30285565,Rolighed Consult v/Jeanette Rolighed Andersen,SLAGELSE,3
39368099,Vognmand Mark Rolighed ApS,SLAGELSE,
28309163,KIM ØEHL ANDERSEN HOLDING ApS,SLAGELSE,
29769664,AD CONTROL ApS,SLAGELSE,6
35354603,Korsør Lokalråd,SLAGELSE,
28885369,JMI MÆGLER ApS,SLAGELSE,
18708086,"TXK 18/8 1995 ApS JAK EKSPORT/IMPORT, DENMARK",SLAGELSE,1
19434141,PBH 25.059 ApS,SLAGELSE,1
86206811,SØREN SKOVAGER JENSEN,SLAGELSE,2
29753148,KVK design v/Kenneth Vedel Kristensen Jensen,SLAGELSE,
35502246,Henriks HandyService,SLAGELSE,0
21970840,Klaus R Rasmussen,SLAGELSE,0
27736904,SK-VARME A/S,SLAGELSE,
12107900,SJÆLLANDS VAGTSERVICE V/JOHN JENSEN,SLAGELSE,1
10352231,Revisor Jesper Thygesen,SLAGELSE,0
32866123,Strandparken 1,SLAGELSE,
35836853,"RF HOLDING, SLAGELSE ApS",SLAGELSE,
30070844,FORSIKRINGSMÆGLERSELSKABET MENTOR ApS,SLAGELSE,3
19744078,JESS ANDERSENS HOLDING. SLAGELSE  ApS,SLAGELSE,
36718927,Jobu Metals ApS,SLAGELSE,
32641822,Havrebjerg gymnastik og idrætsforening,SLAGELSE,
58517119,HUGO RASMUSSEN.                   VOGNMANDSFORRETNING. ApS.         SLAGELSE,SLAGELSE,6
37088684,Grundejerforeningen Jonsvangen,SLAGELSE,
30016297,Slagelse Kunstforening,SLAGELSE,
31247217,MILLER TRYK v/Birgit Jørgensen,SLAGELSE,0
36777230,"Familiehuset ""Engstien""",SLAGELSE,0
38686135,skavn-beauty,SLAGELSE,
32396224,GRAFISK-STØTTEFORENING SLAGELSE MUSEUM,SLAGELSE,
21885541,QVALITY SERVICE                   V/CHARLOTTE EGEMAR OLSEN,SLAGELSE,0
35198067,Grundejerforeningen Musholmparken,SLAGELSE,
25145372,Havrebjerg Møllegård V/Per Claus Jensen,SLAGELSE,0
30342216,Aasted v/Lars Aasted Jakobsen,SLAGELSE,0
27183409,TIMI INVEST ApS,SLAGELSE,
32886582,SLAGELSE ENTREPRENØRSERVICE HOLDING ApS,SLAGELSE,
11591310,Murermester S Jensen I/S Østerbro                                   Postbox 36,SLAGELSE,1
31394716,Skælskør Amatør Sejlklub,SLAGELSE,
30165128,Henrik Jensen,SLAGELSE,0
31516196,Navemadkasser v/Anna Katarina Bjerre,SLAGELSE,
40345930,Bærentzen Entreprise IVS,SLAGELSE,
30945689,Madhuset Slagelse v/Helle Steiner Nielsen,SLAGELSE,2
38139924,S.W.Multiservice,SLAGELSE,
27027113,Klinik for Fodterapi v/Mona Mikkelsen,SLAGELSE,0
35165266,Korsør Kontaktbridgeklub,SLAGELSE,
36414634,KOLDSØ EJENDOMME ApS,SLAGELSE,
34657424,Liberal Alliances Ungdom Vestsjælland,SLAGELSE,
27860591,Reitz Byg v. Hans Kumler,SLAGELSE,0
30352459,FL-CONSULT ApS,SLAGELSE,1
54396317,SERGENTKLUBBEN,SLAGELSE,1
31643732,Massage og Træning v/Marianne Sommer Gejel,SLAGELSE,0
67692810,KIRKE-STILLINGE MENIGHEDSRÅD,SLAGELSE,6
16225282,KELD PEDERSEN                                                       POSTBOX 97,SLAGELSE,2
27611575,M.P.R.                            v/Martin Patrick Rasmussen,SLAGELSE,0
81240817,VESTSJÆLLANDS ELEKTRO ApS,SLAGELSE,7
28060157,Regnskabskonsulent Anne Hansen,SLAGELSE,0
30401719,Zilvar v/Pia Valsgaard,SLAGELSE,0
30839226,Pedersen's Nedbrydning v/Stefan Pedersen,SLAGELSE,0
36106514,Skælskør Grønthandler,SLAGELSE,0
72799119,SLAGELSE FOLKEDANSERFORENING,SLAGELSE,0
26098327,Tømrermester Michael Worm,SLAGELSE,0
36218460,Sk8skool.dk,SLAGELSE,
73021111,Sif'S Venner,SLAGELSE,
15668016,GÅRDEJER FINN K CHRISTENSEN,SLAGELSE,0
29438277,Olica v/Pernille Helmer,SLAGELSE,4
36180919,I P KØKKEN DESIGN V/IB FRANK PETERSEN,SLAGELSE,0
27090273,Bakkegaard                        v/Bent Skare Nielsen,SLAGELSE,0
25557727,Rådhuskroen v/Inge & Hother Nielsen,SLAGELSE,0
33734492,Kageuniverset v/Mie Bork Lundgreen,SLAGELSE,0
72257456,Klonic-Pc- Discount,SLAGELSE,0
28987242,SLAGELSE BRYGHUS ApS,SLAGELSE,1
26922011,Kiropraktor Henrik Slott Hansen,SLAGELSE,0
35893393,VIKARFITNESS.COM ApS,SLAGELSE,1
25656679,"Excitement v/J Pedersen,M Pedersen,                                 L Nielsen",SLAGELSE,0
26307759,Herstal.It v/ Stig Jensen,SLAGELSE,0
37098051,CD,SLAGELSE,
25728971,Team Outdoor Group v/Geert Holm Christensen,SLAGELSE,0
26109485,ARKITEKTFIRMAET J. BJ.            THORLAKSSON ApS,SLAGELSE,2
26659736,SADOLIN FARVELAND FINN ANDERSEN   ApS,SLAGELSE,8
10937779,BL. GLAS OG ALUFACADER A/S,SLAGELSE,14
10730805,ANETTE JENSEN,SLAGELSE,0
37459577,Witting service & transport,SLAGELSE,0
41301155,bil & motor foreningen,SLAGELSE,
32245390,Hocke's Konsulentvirksomhed v/Lars Andreas Hocke,SLAGELSE,0
32710263,E-skilte I/S,SLAGELSE,0
29443203,BUTIK SOPHIE ApS,SLAGELSE,9
29615195,MJJM1 ApS,SLAGELSE,
31472180,PMS ApS,SLAGELSE,0
16728977,H. S. HOLDING A/S,SLAGELSE,1
25945840,STILLADSFIRMAET WEIDEMANN A/S,SLAGELSE,6
29258414,Borella Byg og Design v/Bob Jensen,SLAGELSE,
37457434,SF Multiservice,SLAGELSE,0
16319287,NOISIV ApS,SLAGELSE,1
40124675,JJ Service,SLAGELSE,
19046206,A/S PSE NR. 4919,SLAGELSE,30
35965831,A.El-habet entreprenør,SLAGELSE,0
33005369,Ejerlejlighedsforeningen Holbergsgade 13,SLAGELSE,
34658595,Den Vietnamesiske Montagnard Forening Slagelse DK,SLAGELSE,
36598786,Oxboll,SLAGELSE,
27970591,DANSK DATA BANK ApS UNDER         STIFTELSE,SLAGELSE,
18561743,KIRKE STILLINGE FORSAMLINGSHUS V/CLAUS BALSHØJ SØRENSEN,SLAGELSE,11
36113669,Slagelse Broderkreds,SLAGELSE,
33541805,BeautyCare Slagelse v/Stine Svare Hansen,SLAGELSE,0
26958873,Mølgaard Hydrometri v/Lars Mølgaard Laustsen,SLAGELSE,0
34797277,Mønsterkolonien,SLAGELSE,
36664444,Husmoderforeningen anno 2015,SLAGELSE,
38144650,BVP Bogføring og Kontor Service,SLAGELSE,0
33112084,HVK Storebælt Støtteforening,SLAGELSE,
32197256,Maler Majken v/Majken Holm,SLAGELSE,0
40204504,Grundejerforeningen Enghavevej,SLAGELSE,
37317691,Ejerlauget Musholmparken 2,SLAGELSE,
12637594,S L BYGGEENTREPRISE V/SØREN LANGKJÆR,SLAGELSE,1
40846344,MP RENGØRINGSTJENESTER,SLAGELSE,
28122772,HH BILSALG ApS,SLAGELSE,0
25697669,FOCUS FOTO HOLDING ApS,SLAGELSE,1
21696382,REVISORERNE DALSGAARD. STAHL & WØLDIKE. STATSAUTORISERET REVISIONSANPARTSSELSKAB,SLAGELSE,7
29919801,ND REVISION SLAGELSE REGISTRERET  REVISIONSAKTIESELSKAB,SLAGELSE,28
30249860,Slagelse Volleyballklub af 1973,SLAGELSE,
32802109,D19S Alarm & Service v/Dennis Jørgensen,SLAGELSE,0
35198555,Tårnborg Sogns Hyggeklub,SLAGELSE,
38207636,Hawaii Sun Slagelse ApS,SLAGELSE,
40459553,grundejerforeningen Pantholm 24,SLAGELSE,
14983341,C K AUTOMOBILER V/CARSTEN KRAMER JENSEN,SLAGELSE,0
33608101,Grundejerforeningen Grendalsvej,SLAGELSE,
30862538,TB marketing v/Trine Filsø Berthelsen,SLAGELSE,0
40587543,Haveforeningen Østervang,SLAGELSE,
32847226,Nuvoa Italia v/Arif Alperen Bagci,SLAGELSE,0
24991210,P.T. Herretøj A/S,SLAGELSE,3
28851731,AKTIVT VELVÆRE EJENDOMME A/S,SLAGELSE,
29010765,VESTERGAARDENS TRANSPORT ApS,SLAGELSE,2
30969367,Murermester v/Thomas Stein Jensen,SLAGELSE,0
27030572,GLARMESTER NIELS P. JØRGENSEN ApS,SLAGELSE,3
37795496,EV Ejendomme A/S,SLAGELSE,
34093105,LEAF DANMARK EJENDOMSSELSKAB ApS,SLAGELSE,
38057103,Leva Ejendomme A/S,SLAGELSE,3
40327576,Blower Door-light ApS,SLAGELSE,
35111913,Horndrup nu,SLAGELSE,0
32426700,Andelsboligforeningen Kildehusene III,SLAGELSE,
32744540,Andelsboligforeningen Storebælt,SLAGELSE,
40623663,Bådfarten Skjelskør V ApS,SLAGELSE,
26113717,Denis Autoværksted                v/Denis Bertelsen,SLAGELSE,0
32791417,Andelsboligforeningen Lærken,SLAGELSE,
34457336,PJB HOLDING KORSØR ApS,SLAGELSE,
78251212,TANDLÆGE                          MARIANN LUNDGREN ANDERSEN ApS,SLAGELSE,13
34642958,De frivillige Blæksprutter i Slagelse,SLAGELSE,
37508497,Nye Borgerlige i Slagelse kommune,SLAGELSE,
37128066,Jan Pedersen,SLAGELSE,0
37062189,FinneByg,SLAGELSE,0
37814679,"Grundejerforeningen Nankes Plads 1-5, Korsør",SLAGELSE,
26580684,Kultur-og Erhvervssammenslutningen,SLAGELSE,
35712488,Grundejerforeningen Skytteengen-Syd,SLAGELSE,
37593095,Beboerforeningen Hellig Anders,SLAGELSE,
41432853,Subbi´s Rudetoning ApS,SLAGELSE,
25096630,Nybolig Erhverv Vestsjælland      v/Jørgen Klode,SLAGELSE,9
32268293,FIBERG CONSULT ApS,SLAGELSE,
29479453,ABF Byskellet IV,SLAGELSE,
35995692,Haveforeningen Trekanten,SLAGELSE,
35707204,Handymanden v/Kenneth Grymen,SLAGELSE,0
28653344,Per Hillo,SLAGELSE,0
14454098,NIELS OTTO BUCHARDT PETERSEN,SLAGELSE,0
11868185,VAGN'S KØRESKOLE V/VAGN LARSEN,SLAGELSE,0
36399376,EW EJENDOMME A/S,SLAGELSE,1
31063957,EV BOLIG ERHVERV A/S,SLAGELSE,
35169342,Korsør Bridge 51,SLAGELSE,
29642923,King of Kebab v/Ersin Türkmen,SLAGELSE,0
39935090,CentralVikar IVS,SLAGELSE,
36572795,Juleaftensgruppen,SLAGELSE,
33345003,Omø Idrætsforening,SLAGELSE,
32756158,Ejerforeningen Nygade 25,SLAGELSE,
29915741,EJENDOMSSELSKABET BØJE PEDERSEN ApS,SLAGELSE,
34654700,Ejendommen Nytorv 4 v/Jonna Pedersen,SLAGELSE,0
41476842,Living by Kirk,SLAGELSE,
32443702,SANARY ApS,SLAGELSE,
30257006,Tårnborg Idrætsforening Gymnastikafdelingen,SLAGELSE,
29749329,Grønt og Frugt Center Basem Abdalla,SLAGELSE,0
32746195,Haveforeningen STRANDPARKEN,SLAGELSE,
29539553,HP INVEST AF 22. MAJ 2006 ApS,KORSØR,
33519982,Køreskolen Anders Odgaard Støvring,SLAGELSE,0
78959312,Meripol I/S                       v/E Sørensen & M Petersen,SLAGELSE,0
26746183,Vestergaard's Mandskabs Udlejning v/Ole Vestergaard,SLAGELSE,
19215601,TORBENS HAVE & HJEMMESERVICE V/TORBEN NIELSEN,SLAGELSE,0
25361229,Guldsmed Wagdi Hanin,SLAGELSE,0
21710970,SLAGELSE SVØMMEHAL'S CEFETERIA    V/JENS HANDEST,SLAGELSE,0
80762313,KLINIK F FYSIOTERAPI              V/METTE MØLLER,SLAGELSE,2
19942902,REFLEX VINDUESPOLERING            V/STEEN JENSEN,SLAGELSE,
34542880,Bjergbyparkens Venneforening,SLAGELSE,
17571346,MURERMESTER HANS ERIK HANSEN ApS,SLAGELSE,8
26936624,Cafe Nattergalen                  v/Bade Uzundal,SLAGELSE,0
11053238,SLAGELSE VELGØRENHEDSSELSKAB,SLAGELSE,
34369259,FPV World v/Dennis Møller Christiansen,SLAGELSE,0
28930593,Preality v/ Christian Nicolai Lybro Nielsen,SLAGELSE,0
35481591,HALSSKOV HELSEKOST ApS,SLAGELSE,0
37749036,Berg Investment IVS,SLAGELSE,
36592540,Din Lokale Mobile Pølsevogn v/Tina Jørgensen,SLAGELSE,0
51350510,SALON HAIRCUT                     V/CHRISTENSEN,SLAGELSE,1
36436921,FRIIS B. ApS,SLAGELSE,
31594731,HESSELBERG-PEDERSEN INVEST ApS,SLAGELSE,1
15227443,ADVOKATFIRMAET HENNING JENSEN OG  R KOPP PEDERSEN,SLAGELSE,7
27103847,Billigcamping.dk                  v/Michael Steinbacher,SLAGELSE,0
36084103,PRANAHUSET ApS,SLAGELSE,0
28924046,Okey´Dokey v/Tammy Maria Grell,SLAGELSE,0
18636646,JOMEMI ApS,SLAGELSE,7
28115989,EKKENBERG & ANDERSEN NETVÆRK ApS,SLAGELSE,13
27673058,BS Ejendoms Service               v/Gert Sørensen,SLAGELSE,0
39980029,LM Climatech ApS,SLAGELSE,2
39095009,Elemental eSports,SLAGELSE,
74730515,H J CYKLER V/HANS J VILLUMSEN,SLAGELSE,3
24747514,JØRGEN CALUM OG SØNNER ApS,SLAGELSE,5
34059136,ALFA SKADESERVICE OG              EJENDOMSSERVICE ApS,SLAGELSE,0
27100554,VIP GROUP ApS,SLAGELSE,1
39314223,E-gulve ApS,SLAGELSE,3
27669530,Slagelse Homeshop                 v/Uffe Christiansen,SLAGELSE,0
39901854,MGRI Holding ApS,SLAGELSE,
25546245,Bjørns Total Entreprisev/B Nielsen,SLAGELSE,0
36430486,TORVEBODEGAEN ApS,SLAGELSE,0
43318136,Human-Animal Science,SLAGELSE,
27090257,T.D. Service & Montage            v/Thomas Dahrup,SLAGELSE,4
28539150,IDE BYG v/Jim Strandet,SLAGELSE,0
25819519,STILLINGE STRANDS VANDVÆRK,SLAGELSE,2
35168826,Det Tamilske Aktivitetscenter,SLAGELSE,
26105978,TØMRER- OG SNEDKERMESTER NIELS LIEN ApS,SLAGELSE,27
30325591,JEO Import-Export v/Jens Erik Østerballe,SLAGELSE,1
35596402,Kvick og Kolbes Rallyparts,SLAGELSE,0
33349238,Grundejerforeningen Vejsgårdparken,SLAGELSE,
30781643,Gaarden Graphics v/ Pernille Gaarden,SLAGELSE,
33901275,Vincentz Regnskab v/Inger Vincentz Thrane Jensen,SLAGELSE,0
27231799,TANDLÆGE HENRIK HARMSEN ApS UNDER STIFTELSE,SLAGELSE,6
37921637,Babas Bagels ApS,SLAGELSE,4
32718035,JS Auto v/Jens Carsten Christiansen,SLAGELSE,5
34692831,SØGÅRD HOLDING RUDE A/S,SLAGELSE,
34927227,Beauty Extensions v/Stina Nielsen,SLAGELSE,0
25003926,Cv Marketing                      V/Charlotte Valentin Hemmingsen,SLAGELSE,0
27600247,Pathuel                           v/Ingeborg Pathuel,SLAGELSE,6
28401833,Slagelse Rideklub,SLAGELSE,0
18877503,VICH 4389 ApS,SLAGELSE,7
29066302,Advokathuset v/Rene Rasmussen,SLAGELSE,7
34138427,Dansk Folkeparti,SLAGELSE,
34643105,Beredskabsforbundets Slagelse Kreds,SLAGELSE,
20768932,SLAGELSE RED VIKINGS,SLAGELSE,
33801912,MM-Kosmetik I/S,SLAGELSE,
35690115,Høve Pastorats Kirkekasse,SLAGELSE,17
33432526,C.E.H. Byg v/Carsten E Heidelbach,SLAGELSE,
40379002,Jobu Ejendomme ApS,SLAGELSE,
36935340,Vemmelev IT ApS,SLAGELSE,0
30844807,MB Multi-service v/ Martin Bjerring Nielsen,SLAGELSE,
31439019,Motorcykel Værkstedet v/REne Hansen,SLAGELSE,0
79072419,"BECK AUTODELE A/S, SLAGELSE",SLAGELSE,1
12069146,BJØRN HAMMER A/S,SLAGELSE,2
25361296,N EJENDOM HOLDING ApS,SLAGELSE,
17802879,NESRAL ApS,SLAGELSE,
18299232,KEAN IMPORT,SLAGELSE,1
16914800,JANE LADING PEDERSEN,SLAGELSE,1
18744570,B.G. ApS,SLAGELSE,
51921917,GRUNDEJERFOR SKOVSØPARKEN,SLAGELSE,3
32857191,Addina v/Michal Pentti Lorentsen,SLAGELSE,0
35669698,GL. TORV 2 ApS,SLAGELSE,0
65834111,JAN HANSEN. SLAGELSE ApS,SLAGELSE,16
37511994,Korsør Nor Inner Wheel,SLAGELSE,
30589548,INSTALLATØR HENNING NIELSENS      EFTERFØLGER ApS,SLAGELSE,11
37609234,Vestsjællands Cleaning Service,SLAGELSE,2
38812718,Cavaleros Denmark,SLAGELSE,0
34076316,JOSK ApS,SLAGELSE,22
34744483,Ars Nova-koret,SLAGELSE,
37280283,Nifingers Gospel Magic & Events,SLAGELSE,0
30708911,SAMAKIPE HOLDING ApS,SLAGELSE,
36738995,Stina von Holstein v/Stina von Holstein,SLAGELSE,0
17857037,SLAGELSE PRODUKTIONSSKOLE,SLAGELSE,19
43058681,kits blomster,SLAGELSE,
28144601,M. M. GROUP ApS,SLAGELSE,
36910275,Falconi Mare ApS,SLAGELSE,
33412061,Anhalt Design v/Marius Peter Liljefeld Anhalt,SLAGELSE,0
34413754,Nordbyens kultur og fritidsklub,SLAGELSE,
33047894,HARREBYE ApS,SLAGELSE,
33896646,Grundejerforeningen Skovager,SLAGELSE,
35344845,Lokal Service,SLAGELSE,0
34680655,Slagelse Håndboldklub,SLAGELSE,
32809758,Ejerlejlighedsforeningen Vestergade 5 A-B,SLAGELSE,
34541892,Arla svampe klubben,SLAGELSE,
33301847,"Vemmelev VSG&I, Volley",SLAGELSE,
